"Abraomas Popelis","Q12646930"
"Agnė Bilotaitė","Q395152"
"Agnė Zuokienė","Q395156"
"Agnė Širinskienė","Q28933945"
"Aidas Gedvilas","Q403927"
"Aistė Gedvilienė","Q65314279"
"Albertas Miškinis","Q4711869"
"Albertas Sereika","Q12647379"
"Albertas Šimėnas","Q2060714"
"Alberts Šimens","Q2060714"
"Albinas Albertynas","Q12647400"
"Albinas Januška","Q4712417"
"Albinas Lozuraitis","Q15728348"
"Albinas Mitrulevičius","Q9144510"
"Albinas Vaižmužis","Q15506834"
"Aldona Balsienė","Q2640534"
"Aldona Staponkienė","Q12647463"
"Aleksander Poplavski","Q9145900"
"Aleksander Popławski","Q9145900"
"Aleksander Sacharuk","Q2543949"
"Aleksandr Sacharuk","Q2543949"
"Aleksandras Abišala","Q2001278"
"Aleksandras Algirdas Abišala","Q2001278"
"Aleksandras Ambrazevičius","Q4715603"
"Aleksandras Bendinskas","Q12647508"
"Aleksandras Zeltinis","Q15782189"
"Alfonsas Andriuskevicius","Q4721974"
"Alfonsas Andriuškevičius (1940)","Q4721974"
"Alfonsas Andriuškevičius","Q14772771"
"Alfonsas Andriuškevičius","Q4721974"
"Alfonsas Bartkus","Q12647633"
"Alfonsas Giedraitis","Q12647643"
"Alfonsas Macaitis","Q12647657"
"Alfonsas Navickas","Q12647670"
"Alfonsas Pulokas","Q1327642"
"Alfonsas Svarinskas","Q4409955"
"Alfonsas Vaišnoras","Q12647676"
"Alfonsas Žalys","Q556195"
"Alfredas Henrikas Stasiulevičius","Q15402091"
"Alfredas Pekeliūnas","Q1225732"
"Alfredas Stasys Nausėda","Q12647705"
"Algimantas Antanas Greimas","Q2646524"
"Algimantas Dumbrava","Q1261946"
"Algimantas Kirkutis","Q12647769"
"Algimantas Matulevičius","Q774815"
"Algimantas Norvilas","Q4724239"
"Algimantas Povilas Tauras","Q15728464"
"Algimantas Salamakinas","Q1557883"
"Algimantas Sėjūnas","Q2542293"
"Algimantas Valentinas Indriūnas","Q12647817"
"Algimantas Vincas Ulba","Q4231956"
"Algirdas Butkevičius","Q394006"
"Algirdas Endriukaitis","Q4724245"
"Algirdas Gaižutis","Q1844867"
"Algirdas Gricius (Politikwissenschaftler)","Q15241658"
"Algirdas Gricius","Q15241658"
"Algirdas Ivanauskas","Q12647871"
"Algirdas Kumža","Q4724251"
"Algirdas Kunčinas","Q12647887"
"Algirdas Monkevičius","Q922619"
"Algirdas Paleckis","Q199294"
"Algirdas Petrusevičius","Q4724250"
"Algirdas Pocius","Q15574998"
"Algirdas Potsyus","Q15574998"
"Algirdas Ražauskas","Q4724253"
"Algirdas Sadkauskas","Q12647928"
"Algirdas Sysas","Q2543218"
"Algirdas Vaclovas Patackas","Q556555"
"Algirdas Vrubliauskas","Q4360934"
"Algis Kazulėnas","Q1750948"
"Algis Kašėta","Q3672199"
"Algis Rimas","Q776214"
"Algis Strelčiūnas","Q2484497"
"Algis Žvaliauskas","Q2542302"
"Algėrds Botkevėčios","Q394006"
"Alma Monkauskaitė","Q2649570"
"Almantas Petkus","Q954352"
"Alvydas Baležentis","Q15727271"
"Alvydas Medalinskas","Q12648169"
"Alvydas Ramanauskas","Q15311385"
"Alvydas Sadeckas","Q449608"
"Andriejus Stančikas","Q16443650"
"Andrios Kopčėnskos","Q511999"
"Andrius Baranauskas","Q15256679"
"Andrius Burba","Q511970"
"Andrius Kubilius","Q57663"
"Andrius Kupčinskas","Q511999"
"Andrius Mazuronis","Q512022"
"Andrius Navickas","Q16443691"
"Andrius Palionis","Q512068"
"Andrius Šedžius","Q512154"
"Andrjus Kubiļs","Q57663"
"Andrjus Kubiļus","Q57663"
"Antanas Baskas","Q15727280"
"Antanas Baura","Q12648570"
"Antanas Bosas","Q570956"
"Antanas Būdvytis","Q15728234"
"Antanas Kairys","Q15720636"
"Antanas Karoblis","Q4770949"
"Antanas Matulas","Q3467052"
"Antanas Napoleonas Stasiškis","Q15240348"
"Antanas Nedzinskas","Q510482"
"Antanas Nesteckis","Q15138159"
"Antanas Račas","Q4770952"
"Antanas Tumenas","Q571054"
"Antanas Tumėnas","Q571054"
"Antanas Valionis","Q571063"
"Antanas Valys","Q5120252"
"Antanas Vinkus","Q545629"
"Antanas Švitra","Q15506340"
"Arimantas Dumčius","Q661497"
"Arimantas Juvencijus Raškinis","Q661508"
"Arminas Lydeka","Q9160077"
"Arturas Paulauskas","Q356704"
"Artūras Melianas","Q716040"
"Artūras Paulauskas","Q356704"
"Artūras Skardžius","Q716059"
"Artūras Vazbys","Q12649236"
"Artūras Zuokas","Q716068"
"Artūrs Paulauskos","Q356704"
"Artūrs Paulausks","Q356704"
"Arunas Gumuliauskas","Q9161008"
"Arvydas Akstinavičius","Q15474333"
"Arvydas Anusauskas","Q3672207"
"Arvydas Anušauskas","Q3672207"
"Arvydas Bajoras","Q15725440"
"Arvydas Ivaškevičius","Q15720524"
"Arvydas Mockus","Q12649270"
"Arvydas Nekrošius","Q27976531"
"Arvydas Vidžiūnas","Q717619"
"Arvīds Anošauskos","Q3672207"
"Arūnas Degutis","Q719248"
"Arūnas Dudėnas","Q15138166"
"Arūnas Eigirdas","Q15728001"
"Arūnas Gelūnas","Q471699"
"Arūnas Grumadas","Q12649294"
"Arūnas Gumuliauskas","Q9161008"
"Arūnė Stirblytė","Q12649323"
"Asta Baukutė","Q669540"
"Asta Kubilienė","Q28370953"
"Audrius Butkevičius","Q759033"
"Audrius Endzinas","Q759032"
"Audrius Klišonis","Q11686954"
"Audrius Nakas","Q12649485"
"Audrius Rudys","Q4820205"
"Audrius Skaistys","Q61108985"
"Audronis Ažubalis","Q58201"
"Audronius Ažubalis","Q58201"
"Audronė Jankuvienė","Q65332365"
"Audronė Pitrėnienė","Q759040"
"Audrys Šimas","Q16444727"
"Auksutė Ramanauskaitė-Skokauskienė","Q771287"
"Aurelija Stancikiene","Q541349"
"Aurelija Stancikienė","Q541349"
"Aurelijus Veryga","Q27546897"
"Aurimas Gaidžiūnas","Q27832774"
"Aurimas Taurantas","Q4822382"
"Aušra Maldeikienė","Q16444907"
"Aušra Papirtienė","Q28376998"
"Aušrinė Armonaitė","Q27808316"
"Aušrinė Norkienė","Q28376640"
"Aļģirds Butkevičs","Q394006"
"Balys Gajauskas","Q552290"
"Benediktas Juodka","Q2129494"
"Benediktas Vilmantas Rupeika","Q4887383"
"Birutė Nedzinskienė","Q4917144"
"Birutė Teodora Visokavičienė","Q12651032"
"Birutė Vėsaitė","Q541252"
"Boleslovas Liutikas","Q9176799"
"Bolesław Lutyk","Q9176799"
"Bronislavas Juozas Kuzmickas","Q4973999"
"Bronislovas Genzelis","Q4973920"
"Bronislovas Jagminas","Q12651403"
"Bronislovas Matelis","Q12651414"
"Bronius Bradauskas","Q927567"
"Bronius Kuzmickas","Q4973999"
"Bronius Markauskas","Q15268485"
"Bronius Pauža","Q9180013"
"Czesław Okińczyc","Q545453"
"Czesław Olszewski","Q16477652"
"Dailis Alfonsas Barakauskas","Q887795"
"Dailis Barakauskas","Q887795"
"Dainius Budrys","Q1157634"
"Dainius Gaižauskas","Q27855494"
"Dainius Kepenis","Q16446841"
"Dainius Kreivys","Q1157636"
"Daiva Tamošiūnaitė","Q12652169"
"Dalia Kuodyte","Q676437"
"Dalia Kuodytė","Q676437"
"Dalia Kutraitė-Giedraitienė","Q2673005"
"Dalia Teišerskytė","Q540722"
"Dalė Koudītė","Q676437"
"Dangutė Mikutienė","Q8288349"
"Danutė Aleksiūnienė","Q12652308"
"Danutė Bekintienė","Q9201781"
"Darius Kaminskas","Q12652448"
"Darius Petrošius","Q12652455"
"Darius Ulickas","Q12652459"
"Dobilas Jonas Kirvelis","Q1233257"
"Dobilas Kirvelis","Q1233257"
"Domas Petrulis","Q3182186"
"Domininkas Velička","Q1238081"
"Donalda Meiželytė","Q1240534"
"Donatas Jankauskas","Q82512"
"Donatas Morkūnas","Q5295403"
"Dovas Beras Menašė Abramavičius","Q9210397"
"Dovilė Šakalienė","Q27807718"
"Dow Ber Menasze Abramowicz","Q9210397"
"Edmundas Jonyla","Q3460966"
"Edmundas Pupinis","Q1287098"
"Eduardas Šablinskas","Q15138158"
"Edvard Tomaševič","Q9251249"
"Edvardas Kaniava","Q12653789"
"Edvardas Karečka","Q12653785"
"Edvardas Turauskas","Q16450242"
"Edvardas Žakaris","Q1291415"
"Edward Tomaszewicz","Q9251249"
"Egidijus Bičkauskas","Q3498691"
"Egidijus Klumbys","Q556218"
"Egidijus Skarbalius","Q5732307"
"Egidijus Vareikis","Q909575"
"Eimundas Savickas","Q15311890"
"Elena Petrošienė","Q5120501"
"Eligijus Masiulis","Q371858"
"Eliziejus Draugelis","Q3460975"
"Elvyra Janina Kunevičienė","Q1334341"
"Emanuelis Zingeris","Q3672343"
"Erikas Tamašauskas","Q1354561"
"Etela Karpickienė","Q1370985"
"Eugenijus Gentvilas","Q204847"
"Eugenijus Jovaisa","Q16450577"
"Eugenijus Jovaiša","Q16450577"
"Evaldas Jurkevičius","Q11255733"
"Evaldas Lementauskas","Q1379606"
"Everistas Raišuotis","Q1382080"
"Feliksas Palubinskas","Q12654522"
"Gabriel Jan Mincevič","Q11699195"
"Gabriel Jan Mincewicz","Q11699195"
"Gabrielius Landsbergis","Q17118365"
"Gediminas Dalinkevičius","Q15241404"
"Gediminas Ilgūnas","Q1668716"
"Gediminas Jakavonis","Q8266325"
"Gediminas Kirkilas","Q118937"
"Gediminas Navaitis","Q729161"
"Gediminas Paviržis","Q1379430"
"Gediminas Vagnorius","Q982980"
"Gediminas Vasiliauskas","Q28934501"
"Gedimins Kėrkėls","Q118937"
"Gedėmins Vagnuorios","Q982980"
"Gedėmėns Pavėržis","Q1379430"
"Gema Jurkūnaitė","Q15728246"
"George Waschkies","Q24579072"
"Giedrė Purvaneckienė","Q1523239"
"Gintaras Didžiokas","Q951919"
"Gintaras Ramonas","Q5563274"
"Gintaras Songaila","Q9268228"
"Gintaras Steponaviçius","Q1525171"
"Gintaras Steponavičius","Q1525171"
"Gintaras Tamosiunas","Q17126647"
"Gintaras Tamošiūnas","Q17126647"
"Gintaras Vaičekauskas","Q28934208"
"Gintaras Šileikis","Q1525176"
"Gintarė Skaistė","Q27833521"
"Gintautas Babravičius","Q1525182"
"Gintautas Bužinskas","Q1525184"
"Gintautas Iešmantas","Q5563288"
"Gintautas Kindurys","Q28370711"
"Gintautas Kniukšta","Q15304900"
"Gintautas Mikolaitis","Q15137892"
"Gintautas Sivickas","Q15241713"
"Gintautas Šivickas","Q15241713"
"Gražina Imbrasienė","Q12655843"
"Gražina Šmigelskienė","Q15361565"
"Greta Kildišienė","Q28335750"
"Guoda Burokienė","Q27849973"
"Henrikas Žukauskas","Q1606341"
"Ignacas Stasys Uždavinys","Q1657201"
"Ignas Aleškevičius","Q3610357"
"Ilona Stulpinienė","Q12656718"
"Inga Valinskienė","Q541471"
"Ingrida Valinskienė","Q541471"
"Ingrida Šimonytė","Q437096"
"Ingrīda Šimonīte","Q437096"
"Irena Andriukaitienė","Q6068766"
"Irena Andrukaitienė","Q6068766"
"Irena Degutienė","Q270360"
"Irena Haase","Q16452987"
"Irena Šiaulienė","Q541431"
"Irina Rozova","Q11714005"
"Irina Rozowa","Q11714005"
"Izaak Brudny","Q2790620"
"Izaak Holcberg","Q6856875"
"Izakas Golcbergas","Q6856875"
"Jacob Robinson","Q6075043"
"Jadvyga Dunauskaitė","Q2161806"
"Jadvyga Juškytė","Q12657051"
"Jadvyga Zinkevičiūtė","Q12657058"
"Jakob Robinson","Q6075043"
"Jan Bucewicz-Wręba","Q11717125"
"Jan Senkevič","Q11718970"
"Jan Sienkiewicz","Q11718970"
"Janė Narvilienė","Q5120512"
"Jaroslav Narkevič","Q1282407"
"Jarosław Narkiewicz","Q1282407"
"Jeronimas Kraujelis","Q1450618"
"Jeronimas Plečkaitis","Q11724277"
"Jerzy Utowka","Q11024117"
"Joana Danguolė Sadeikienė","Q15402095"
"Jokūbas Minkevičius","Q6269813"
"Jokūbas Robinzonas","Q6075043"
"Jolios Veselka","Q172310"
"Jolita Vaickienė","Q12657570"
"Jonas Algirdas Antanaitis","Q11253353"
"Jonas Avyžius","Q4055889"
"Jonas Bucevičius","Q11717125"
"Jonas Budrevičius","Q15304951"
"Jonas Jagminas","Q12657684"
"Jonas Jarutis","Q6335633"
"Jonas Juozapaitis","Q651616"
"Jonas Jurkus","Q11258450"
"Jonas Jučas","Q1702974"
"Jonas Karbauskas","Q16453621"
"Jonas Kondrotas","Q336647"
"Jonas Korenka","Q15311377"
"Jonas Kubilius (1921)","Q1702987"
"Jonas Kubilius","Q1702987"
"Jonas Liaučius","Q1702994"
"Jonas Liesys","Q11728159"
"Jonas Lionginas","Q1156213"
"Jonas Mačys","Q1703000"
"Jonas Mocartas","Q12657804"
"Jonas Pangonis","Q4360925"
"Jonas Pinskus","Q552482"
"Jonas Prapiestis","Q338415"
"Jonas Ramonas","Q11728162"
"Jonas Stanevičius","Q11728167"
"Jonas Steponavičius","Q16453751"
"Jonas Tamulis (1958)","Q6272286"
"Jonas Tamulis","Q6272286"
"Jonas Valatka","Q12657885"
"Jonas Varkala","Q951815"
"Jonas Varkalys","Q16453773"
"Jonas Vileisis","Q3313138"
"Jonas Vileišis","Q3313138"
"Jonas Čekuolis","Q2947505"
"Jonas Šimėnas","Q5618966"
"Jonas Čiulevičius","Q12657915"
"Josef Shlomo Kahaneman","Q2907349"
"Josel Berger","Q11728402"
"Joselis Kaganeumanas","Q2907349"
"Jozef Szlomo Kahaneman","Q2907349"
"Julius Beinortas","Q1712497"
"Julius Dautartas","Q1712555"
"Julius Sabatauskas","Q2689019"
"Julius Veselka","Q172310"
"Juozapas Algirdas Katkus","Q12658363"
"Juozapas Tartilas","Q1119906"
"Juozas Bastys","Q12658458"
"Juozas Baublys","Q16454236"
"Juozas Bergeris","Q11728402"
"Juozas Bernatonis","Q1305783"
"Juozas Bulavas","Q4098683"
"Juozas Dringelis","Q6314500"
"Juozas Galdikas","Q1203809"
"Juozas Gediminas Baranauskas","Q12658511"
"Juozas Imbrasas","Q927471"
"Juozas Janonis (1934)","Q12658543"
"Juozas Janonis","Q12658543"
"Juozas Jaruševičius (1950)","Q1713725"
"Juozas Jaruševičius","Q1713725"
"Juozas Kubilius","Q4981113"
"Juozas Listavičius","Q12658598"
"Juozas Matulevičius (1946)","Q15311392"
"Juozas Matulevičius","Q15311392"
"Juozas Nekrošius","Q1193050"
"Juozas Olekas","Q1376538"
"Juozas Palionis","Q12658635"
"Juozas Purickis","Q11267333"
"Juozas Rimkus (1960)","Q12658659"
"Juozas Rimkus","Q12658659"
"Juozas Varžgalys","Q16454395"
"Juras Požela (1925)","Q4368711"
"Juras Požela","Q3660989"
"Juras Požela","Q4368711"
"Jurate Juozaitiene","Q12659005"
"Jurgis Jurgelis","Q6315084"
"Jurgis Razma","Q1713862"
"Jurgis Utovka","Q11024117"
"Justas Džiugelis","Q27849267"
"Justas Vincas Paleckis","Q179144"
"Justinas Karosas","Q823045"
"Justinas Urbanavičius","Q11729674"
"Juzef Kvetkovskij","Q11730682"
"Józef Kwiatkowski","Q11730682"
"Jūratė Juozaitienė","Q12659005"
"Jūratė Matekonienė","Q1717991"
"Jūzaps Rimkos","Q12658659"
"Karol Śnieżko","Q11736383"
"Karolis Snežko","Q11736383"
"Kazimieras Antanavičius","Q3486532"
"Kazimieras Kuzminskas","Q374996"
"Kazimieras Motieka","Q1737502"
"Kazimieras Saja","Q6381130"
"Kazimieras Starkevičius","Q940498"
"Kazimieras Uoka","Q3277243"
"Kazimieras Venclauskis","Q1737505"
"Kazimieras Vytautas Kryževičius","Q12660182"
"Kazys Bobelis","Q6814885"
"Kazys Grybauskas","Q15728551"
"Kazys Saja","Q6381130"
"Kazys Sivickis","Q15304440"
"Kazys Starkevičius","Q940498"
"Kestutis Lapinskas","Q449357"
"Kestutis Pukas","Q12662091"
"Kipras Bielinis","Q16456423"
"Klemensas Rimšelis","Q12660873"
"Konstantas Ramelis","Q1782645"
"Kristina Miškinienė","Q11748217"
"Krėstėna Miškėnienė","Q11748217"
"Kęstas Komskis","Q1797471"
"Kęstutis Bacvinka","Q27832203"
"Kęstutis Bartkevičius","Q12662030"
"Kęstutis Daukšys","Q922691"
"Kęstutis Dirgėla","Q6454605"
"Kęstutis Gaška","Q12662043"
"Kęstutis Glaveckas","Q556443"
"Kęstutis Jakelis","Q2688962"
"Kęstutis Kriščiūnas","Q1257136"
"Kęstutis Kubertavičius","Q15728323"
"Kęstutis Kuzmickas","Q15241384"
"Kęstutis Lapinskas","Q449357"
"Kęstutis Masiulis","Q1776528"
"Kęstutis Mažeika","Q28371741"
"Kęstutis Povilas Paukštys","Q15727461"
"Kęstutis Pūkas","Q12662091"
"Kęstutis Skamarakas","Q2655532"
"Kęstutis Skrebys","Q1797484"
"Kęstutis Smirnovas","Q6454618"
"Kęstutis Trapikas","Q1741986"
"Kęstutis Čilinskas","Q1797487"
"Laima Andrikienė","Q435717"
"Laima Liucija Andrikienė","Q435717"
"Laima Mogenienė","Q12662294"
"Laimontas Dinius","Q1800728"
"Laimutė Matkevičienė","Q28371206"
"Larisa Dmitrijeva","Q12662500"
"Lauras Stacevičius","Q28934118"
"Laurynas Kasčiūnas","Q28735068"
"Laurynas Mindaugas Stankevičius","Q1376624"
"Laurynas Stankevičius","Q1376624"
"Lazaris Epšteinas","Q9394126"
"Lejb Garfunkel","Q11753852"
"Leokadia Poczykowska","Q4163611"
"Leokadija Počikovska","Q4163611"
"Leon Jankielewicz","Q11754276"
"Leonard Talmont","Q5767027"
"Leonardas Kęstutis Jaskelevičius","Q12662867"
"Leonas Alesionka","Q3461067"
"Leonas Apšega","Q5767049"
"Leonas Jankelevičius","Q11754276"
"Leonas Milčius","Q6526167"
"Levutė Staniuvienė","Q16458534"
"Leyb Gorfinkel","Q11753852"
"Ligitas Kernagis","Q577710"
"Linas Antanas Linkevičius","Q345625"
"Linas Balsys","Q1825682"
"Linas Karalius","Q1599017"
"Linas Linkevicius","Q345625"
"Linas Linkevičius","Q345625"
"Linus Antonius Linkevičius","Q345625"
"Lionginas Sepetys","Q1827290"
"Lionginas Šepetys","Q1827290"
"Liudas Jonaitis","Q16459267"
"Liudas Laikūnas","Q16459270"
"Liudvikas Sabutis","Q546274"
"Liudvikas Simutis","Q6654035"
"Liutauras Kazlavickas","Q11762063"
"Loreta Graužinienė","Q774843"
"Maks Sołowiejczyk","Q9220487"
"Maksas Soloveičikas","Q9220487"
"Manfredas Žymantas","Q11767043"
"Mantas Adomėnas","Q3672488"
"Mantas Varaška","Q1891225"
"Marija Aušrinė Pavilionienė","Q3672324"
"Marija Šerienė","Q3467041"
"Marijonas Visakavičius","Q12664547"
"Max Soloweitschik","Q9220487"
"Medard Czobot","Q5765863"
"Medardas Čobotas","Q5765863"
"Mečislovas Treinys","Q12665222"
"Mečislovas Zasčiurinskas","Q12665225"
"Mečys Laurinkus","Q943042"
"Michal Mackevič","Q5765050"
"Michał Mackiewicz","Q5765050"
"Miglutė Gerdaitytė","Q6844241"
"Milda Petrauskienė","Q3672360"
"Mindaugas Bastys","Q11781375"
"Mindaugas Briedis","Q15486224"
"Mindaugas Končius","Q1936315"
"Mindaugas Puidokas","Q27598331"
"Mindaugas Stakvilevicius","Q926449"
"Mindaugas Stakvilevičius","Q926449"
"Mindaugas Subačius","Q12665594"
"Mindaugs Bastīs","Q11781375"
"Monika Navickienė","Q27537109"
"Mykolas Arlauskas","Q12666068"
"Mykolas Biržiška","Q64557"
"Mykolas Krupavičius","Q8145594"
"Mykolas Majauskas","Q20503403"
"Mykolas Pronckus","Q12666102"
"Nachmanas Rachmilevičius","Q11788637"
"Naglis Puteikis","Q1963591"
"Neringa Venckiene","Q541498"
"Neringa Venckienė","Q541498"
"Neris Germanas","Q1203798"
"Nijole Ambrazaityte","Q4064040"
"Nijolė Ambrazaitytė","Q4064040"
"Nijolė Oželytė","Q459200"
"Nijolė Oželytė-Vaitiekūnienė","Q459200"
"Nijolė Steiblienė","Q12666892"
"Nikolaj Medwedew","Q1682938"
"Nikolajus Medvedevas","Q1682938"
"Nikołaj Miedwiediew","Q1682938"
"Ona Babonienė","Q15242985"
"Ona Suncovienė","Q2688774"
"Ona Valiukevičiūtė","Q11024912"
"Orinta Leiputė","Q1750302"
"Ozer Finkelsztajn","Q11801345"
"Ozeris Finkelšteinas","Q11801345"
"Paksas Rolandas","Q296956"
"Paulius Saudargas","Q2063954"
"Paulė Kuzmickienė","Q12668703"
"Petras Algirdas Miškinis","Q2080437"
"Petras Antanas Šalčius","Q15402086"
"Petras Auštrevičius","Q2080450"
"Petras Baguška","Q2080454"
"Petras Giniotas","Q7178709"
"Petras Gražulis","Q1762792"
"Petras Karvelis","Q12669229"
"Petras Luomanas","Q2080467"
"Petras Narkevičius","Q14777562"
"Petras Nevulis","Q12669253"
"Petras Papovas","Q1193322"
"Petras Poškus","Q7178711"
"Petras Vaitiekūnas","Q589989"
"Petras Valiūnas","Q28934185"
"Petras Šakalinis","Q15505064"
"Petras Čimbaras","Q15138267"
"Petros Gražolis","Q1762792"
"Povilas Aksomaitis","Q7235884"
"Povilas Gylys","Q547404"
"Povilas Jakucionis","Q11027092"
"Povilas Jakučionis","Q11027092"
"Povilas Katilius","Q12669945"
"Povilas Pukys","Q12669958"
"Povilas Urbsys","Q11825489"
"Povilas Urbšys","Q11825489"
"Povilas Varanauskas","Q14473760"
"Pranas Tupikas","Q7238335"
"Pranas Vilkas","Q4098556"
"Pranas Žeimys","Q557926"
"Pranciskus Stanislavas Vitkevicius","Q1641547"
"Pranciškus Stanislavas Vitkevičius","Q1641547"
"Pranciškus Tupikas","Q7238335"
"Radvilė Morkūnaitė","Q459191"
"Radvilė Morkūnaitė-Mikulėnienė","Q459191"
"Raimundas Alekna","Q766701"
"Raimundas Leonas Rajeckas","Q15243041"
"Raimundas Markauskas","Q12670786"
"Raimundas Martinėlis","Q12670788"
"Raimundas Palaitis","Q937621"
"Raimundas Paliukas","Q15138320"
"Raminta Popovienė","Q12670846"
"Ramunas Karbauskis","Q145315"
"Ramunė Visockytė","Q12670876"
"Ramūnas Garbaravičius","Q9303942"
"Ramūnas Karbauskis","Q145315"
"Ramūns Karbauskis","Q145315"
"Rapolas Skipitis","Q976279"
"Rasa Budbergytė","Q12670942"
"Rasa Joknevėčienė","Q271646"
"Rasa Juknevičienė","Q271646"
"Rasa Melnikienė","Q12670950"
"Regimantas Čiupaila","Q2137805"
"Remigijus Ačas","Q8266439"
"Remigijus Žemaitaitis","Q59725"
"Remigijus Šimašius","Q1397662"
"Remėgėjos Žemaitaitis","Q59725"
"Rima Baškienė","Q541371"
"Rimantas Astrauskas","Q7334380"
"Rimantas Bašys","Q15253407"
"Rimantas Dagys","Q562964"
"Rimantas Didžiokas","Q1156203"
"Rimantas Jonas Dagys","Q562964"
"Rimantas Markauskas (1954)","Q12671333"
"Rimantas Markauskas","Q12671333"
"Rimantas Pleikys","Q259882"
"Rimantas Remeika","Q4231816"
"Rimantas Ruzas","Q12671343"
"Rimantas Sinkevičius","Q59723"
"Rimantas Smetona","Q11834904"
"Rimantė Šalaševičiūtė","Q6556452"
"Rimas Andrikis","Q2153211"
"Rimas Antanas Ručys","Q15240798"
"Rimas Valčiukas","Q2153212"
"Rimvydas Raimondas Survila","Q1341453"
"Rimvydas Survila","Q1341453"
"Rimvydas Turčinskas","Q980933"
"Rimvydas Valatka","Q5766480"
"Rimvydas Vaštakas","Q1768619"
"Rita Miliūtė","Q27652365"
"Rita Tamašunienė","Q9310614"
"Ričardas Juška","Q6335993"
"Ričardas Sargūnas","Q12671512"
"Ričardas Žurinskas","Q15728383"
"Robertas Šarknickas","Q28934148"
"Rokas Žilinskas","Q552497"
"Rolandas Paksas","Q296956"
"Rolandas Paulauskas","Q7360522"
"Rolandas Pavilionis","Q1235376"
"Rolandas Zuoza","Q12671617"
"Rolands Pakss","Q296956"
"Roma Žakaitienė","Q541403"
"Romanas Algimantas Sedlickas","Q12671638"
"Romas Venclovas","Q15304060"
"Romuald Rudzys","Q4360954"
"Romualda Hofertienė","Q5619015"
"Romualda Kšanienė","Q12671683"
"Romualdas Ignas Bloškys","Q12671690"
"Romualdas Ozolas","Q281340"
"Romualdas Rudzys","Q4360954"
"Romualdas Sikorskis","Q1309934"
"Ruoks Žėlinskis","Q552497"
"Ruolands Paksos","Q296956"
"Ryszard Maciejkianiec","Q9324816"
"Rytas Kupčinskas","Q1722310"
"Rytis Šatkauskas","Q82353"
"Ryšard Maciejkianiec","Q9324816"
"Rūta Gajauskaitė (1946)","Q15920031"
"Rūta Gajauskaitė","Q15920031"
"Rūta Miliūtė","Q27652365"
"Rūta Rutkelytė","Q541383"
"Samuelis Landau","Q16471972"
"Saulios Skvernelis","Q1797508"
"Saulius Bucevičius","Q9334049"
"Saulius Girdauskas","Q4241811"
"Saulius Jakimavičius","Q12672459"
"Saulius Kubiliūnas","Q6335330"
"Saulius Lapėnas","Q9334050"
"Saulius Nefas","Q9334051"
"Saulius Pečeliūnas","Q5618926"
"Saulius Skvernelis","Q1797508"
"Saulius Stoma","Q9334052"
"Saulius Šaltenis","Q599550"
"Saulüs Skvernâlis","Q1797508"
"Sauļus Skvernelis","Q1797508"
"Sergej Dmitrijev","Q552283"
"Sergej Dmitrijew","Q552283"
"Sergej Pirožkov","Q15920218"
"Sergej Ursul","Q12672733"
"Sergejus Dmitrijevas","Q552283"
"Sergejus Jovaisa","Q2453848"
"Sergejus Jovaiša","Q2453848"
"Sergėjus Jovaiša","Q2453848"
"Siergiej Dmitrijew","Q552283"
"Sigita Burbienė","Q386177"
"Sigitas Kaktys","Q4476143"
"Sigitas Slavickas","Q15504908"
"Sigitas Urbonas","Q12672845"
"Simas Ramutis Petrikis","Q1645278"
"Simonas Gentvilas","Q27577960"
"Skirmantas Pabedinskas","Q1411235"
"Sofija Daubaraitė","Q12673446"
"Stanislav Akanovič","Q9341513"
"Stanislavas Peško","Q9342802"
"Stanislovas Buškevičius","Q2331254"
"Stanislovas Gediminas Ilgunas","Q1668716"
"Stanislovas Gediminas Ilgūnas","Q1668716"
"Stanislovas Giedraitis (1947)","Q9341490"
"Stanislovas Giedraitis","Q9341490"
"Stanisław Akanowicz","Q9341513"
"Stanisław Pieszko","Q9342802"
"Stasys Brundza","Q3498754"
"Stasys Jakeliūnas","Q27671969"
"Stasys Kašauskas","Q12673761"
"Stasys Kružinauskas","Q9344553"
"Stasys Malkevičius","Q7602953"
"Stasys Mikelis","Q12673778"
"Stasys Stačiokas","Q2333564"
"Stasys Tumėnas","Q16473251"
"Stasys Šedbaras","Q574618"
"Stefanija Ladigienė","Q12673897"
"Steponas Kairys","Q971087"
"Tadas Langaitis","Q16473801"
"Tautvydas Lideikis","Q2397495"
"Tomas Tomilinas","Q28376223"
"Vaclov Stankevič","Q9369613"
"Vaclovas Karbauskis","Q12676011"
"Vaclovas Lapė","Q2507097"
"Vaidotas Antanaitis","Q1675049"
"Vaidotas Bacevičius","Q1595098"
"Valdas Petrauskas","Q12676349"
"Valdas Skarbalius","Q15138339"
"Valdas Vasiliauskas","Q955656"
"Valdemar Tomaševski","Q1502078"
"Valdemaras Katkus","Q7909384"
"Valdemaras Tomaševskis","Q1502078"
"Valdemaras Valkiūnas","Q9368111"
"Valdemārs Vaļķūns","Q9368111"
"Valentina Suboč","Q9370401"
"Valentinas Bukauskas","Q9368131"
"Valentinas Greičiūnas","Q983918"
"Valentinas Mazuronis","Q557932"
"Valentinas Mačiulis (1945)","Q12676392"
"Valentinas Mačiulis","Q12676392"
"Valentinas Stundys","Q3467069"
"Valentins Mazuruonis","Q557932"
"Valerij Tretjakov","Q9370482"
"Valerijonas Sadreika","Q2508906"
"Valerijonas Šadreika","Q2508906"
"Valerijus Simulik","Q1427363"
"Valius Ąžuolas","Q16475412"
"Vanda Briedienė","Q12676519"
"Vanda Kravčionok","Q9370800"
"Vasilijus Fiodorovas","Q9371403"
"Vasilijus Popovas","Q2511116"
"Viačeslav Škil","Q9372381"
"Vida Ačienė","Q27849997"
"Vida Marija Čigriejienė","Q540683"
"Vida Stasiūnaitė","Q541263"
"Vidas Mikalauskas","Q3610379"
"Vidmantas Povilionis","Q7928117"
"Vidmantas Žiemelis","Q1893972"
"Vidmantė Jasukaitytė","Q7928119"
"Viktor Fjodorow","Q15138466"
"Viktor Uspaskich","Q1361333"
"Viktor Uspaskikh","Q1361333"
"Viktor Uspaskiĥ","Q1361333"
"Viktoras Budzinskis","Q5503218"
"Viktoras Fiodorovas","Q15138466"
"Viktoras Pranckietis","Q27537241"
"Viktoras Rinkevičius","Q12677264"
"Viktoras Uspaskich","Q1361333"
"Viktorija Čmilytė","Q270330"
"Viktorija Čmilytė-Nielsen","Q270330"
"Viktorija Čmilytėl","Q270330"
"Viktorija Čmilytėová","Q270330"
"Viktorija Čmilīte","Q270330"
"Vilija Aleknaitė Abramikienė","Q3672697"
"Vilija Aleknaitė-Abramikienė","Q3672697"
"Vilija Blinkeviciute","Q435394"
"Vilija Blinkevičiūtė","Q435394"
"Vilija Filipovičienė","Q15137300"
"Vilija Vertelienė","Q15279293"
"Vilius Baldišis","Q7930231"
"Vilma Martinkaitienė","Q15278728"
"Vincas Babilius (1966)","Q2526393"
"Vincas Babilius","Q2526393"
"Vincas Girnius","Q4120847"
"Vincas Kęstutis Babilius","Q9368783"
"Vincas Ramutis Gudaitis","Q7931430"
"Vincentas Pranevičius","Q924438"
"Vincė Vaidevutė Margevičienė","Q339166"
"Violeta Boreikienė","Q1422696"
"Virgilijus Alekna","Q211408"
"Virgilijus Bulovas","Q1112331"
"Virgilijus Cepaitis","Q4518521"
"Virgilijus Juozas Čepaitis","Q4518521"
"Virgilijus Kacinskas","Q7933847"
"Virgilijus Kačinskas","Q7933847"
"Virgilijus Poderys","Q12677769"
"Virgilijus Vladislovas Bulovas","Q1112331"
"Virgilijus Čepaitis","Q4518521"
"Virginija Baltraitienė","Q1395873"
"Virginija Vingrienė","Q28370180"
"Virginijus Domarkas","Q1716699"
"Virginijus Martišauskas","Q12677804"
"Virginijus Ražukas","Q15728459"
"Virginijus Sinkevičius","Q27653570"
"Virginijus Šmigelskas","Q9368889"
"Virgīlijs Alekna","Q211408"
"Virmantas Velikonis","Q2527860"
"Visvaldas Nekrašas","Q15241325"
"Vitalija Vonžutaitė","Q2528578"
"Vitalijus Gailius","Q1304328"
"Vitas Matuzas","Q1398000"
"Vladas Butėnas (1940)","Q12677988"
"Vladas Butėnas","Q12677988"
"Vladas Mironas","Q2033994"
"Vladas Skardinskas","Q61108855"
"Vladas Terleckas","Q7938204"
"Vladas Vilimas","Q15506522"
"Vladas Žalnerauskas","Q15241725"
"Vladimir Jarmolenko","Q5617564"
"Vladimir Prudnikov","Q981199"
"Vladimiras Beriozovas","Q7938763"
"Vladimiras Orechovas","Q12678073"
"Vladimiras Prudnikovas","Q981199"
"Vladimiras Volčiok","Q1246401"
"Vladislav Sueco","Q1999579"
"Vladislavas Švedas","Q1999579"
"Volfas Sulimas","Q7217663"
"Vydas Baravykas","Q3610367"
"Vydas Gedvilas","Q556431"
"Vytas Navickas","Q2535630"
"Vytautas Adolfas Puplauskas","Q7944008"
"Vytautas Aleksandras Cinauskas","Q12678261"
"Vytautas Algimantas Buinevičius","Q15728046"
"Vytautas Antanas Matulevičius","Q2484511"
"Vytautas Arbačiauskas (1951)","Q15726511"
"Vytautas Arbačiauskas","Q15726511"
"Vytautas Astrauskas (1927)","Q15920347"
"Vytautas Astrauskas","Q15920347"
"Vytautas Bakas","Q12678282"
"Vytautas Bogušis","Q2655658"
"Vytautas Bubnys","Q15728230"
"Vytautas Dudėnas","Q1193309"
"Vytautas Einoris","Q1193300"
"Vytautas Galvonas","Q3562406"
"Vytautas Gapšys","Q1310448"
"Vytautas Grubliauskas","Q1395215"
"Vytautas Juozapaitis","Q1361304"
"Vytautas Jurgis Bubnys","Q15728230"
"Vytautas Juškus","Q9369192"
"Vytautas Kamblevičius","Q9369194"
"Vytautas Kanapeckas","Q12678385"
"Vytautas Kernagis (1976)","Q27749806"
"Vytautas Kernagis (polityk)","Q27749806"
"Vytautas Kernagis","Q27749806"
"Vytautas Knašys","Q1282126"
"Vytautas Kolesnikovas","Q7944020"
"Vytautas Kurpuvesas","Q1725184"
"Vytautas Kvietkauskas","Q2535649"
"Vytautas Landsbergis","Q164582"
"Vytautas Lapenas","Q9095148"
"Vytautas Lapėnas","Q9095148"
"Vytautas Liutikas","Q15728334"
"Vytautas Matulevičius","Q2484511"
"Vytautas Pakalniškis","Q2535687"
"Vytautas Paliūnas","Q7944029"
"Vytautas Petkevičius","Q692182"
"Vytautas Petras Knašys","Q1282126"
"Vytautas Petras Pleckaitis","Q5242889"
"Vytautas Petras Plečkaitis","Q5242889"
"Vytautas Petrulis","Q1383884"
"Vytautas Plečkaitis","Q5242889"
"Vytautas Rastenis","Q12678472"
"Vytautas Saulis","Q12678481"
"Vytautas Sigitas Draugelis","Q15279511"
"Vytautas Vidmantas Zimnickas","Q15728405"
"Vytautas Zabiela","Q2535692"
"Vytautas Čepas","Q594489"
"Vytautas Šumakaris","Q15728473"
"Vytautas Šustauskas","Q348273"
"Vytenis Albertas Zabukas","Q2535704"
"Vytenis Andriukaitis","Q774300"
"Vytenis Povilas Andriukaitis","Q774300"
"Vėlėjė Fėlėpuovėčienė","Q15137300"
"Vītauts Bubnis","Q15728230"
"Vītauts Landsbergis","Q164582"
"Vītauts Landsberģis","Q164582"
"Wacłau Stankiewicz","Q9369613"
"Waldemar Tomaszewski","Q1502078"
"Walentyna Subocz","Q9370401"
"Waleri Simulik","Q1427363"
"Waleri Tretjakow","Q9370482"
"Walerij Tretiakow","Q9370482"
"Wanda Krawczonok","Q9370800"
"Wasili Fjodorow","Q9371403"
"Wasilij Fiodorow","Q9371403"
"Wasilij Popow","Q2511116"
"Wazlau Stankewitsch","Q9369613"
"Wiaczesław Szkil","Q9372381"
"Wiktor Budzyński","Q5503218"
"Wladimir Orechow","Q12678073"
"Wolf Sulim","Q7217663"
"Władysław Szwed","Q1999579"
"Yosef Shlomo Kahaneman","Q2907349"
"Zbignev Balcevič","Q5765703"
"Zbignev Jedinskij","Q9387971"
"Zbignev Semenovič","Q9388291"
"Zbigniew Balcewicz","Q5765703"
"Zbigniew Jedziński","Q9387971"
"Zbigniew Siemienowicz","Q9388291"
"Zdzislav Palevič","Q5765216"
"Zdzisław Palewicz","Q5765216"
"Zenonas Juknevicius","Q189778"
"Zenonas Juknevičius","Q189778"
"Zenonas Mačernius","Q189780"
"Zenonas Mikutis","Q12678941"
"Zenonas Petras Adomaitis","Q12678910"
"Zenonas Streikus","Q16477432"
"Zigmantas Balčytis","Q117150"
"Zigmantas Pocius","Q12678923"
"Zigmants Balčītis","Q117150"
"Zigmas Povilaitis","Q12678950"
"Zigmas Zinkevicius","Q47011"
"Zigmas Zinkevičius","Q47011"
"Zigms Zinkevičs","Q47011"
"Zita Užlytė","Q206154"
"Zita Šličytė","Q206162"
"Zita Žvikienė","Q12679000"
"Zygmunt Mackevič","Q9392985"
"Zygmunt Mackiewicz","Q9392985"
"czesław Okińczyc","Q545453"
"litauischer Politiker","Q15241658"
"Łarisa Dmitrijewa","Q12662500"
"Šarūnas Birutis","Q391280"
"Šarūnas Gustainis","Q12679521"
"Łazar Epsztajn","Q9394126"
"Ģedimins Ķirķils","Q118937"
"Česlav Okinčic","Q545453"
"Česlav Olševski","Q16477652"
"Česlovas Kudaba","Q3919908"
"Česlovas Stankevičius","Q341356"
"Česlovas Vytautas Stankevičius","Q341356"
"Žibartas Juozas Jackūnas","Q212170"
"Žilvinas Padaiga","Q394068"
"Žilvinas Šilgalis","Q394070"
"Žygimantas Pavilionis","Q12681001"
"Žėgėmonts Pavėliuonis","Q12681001"
"利納·保色斯","Q1825682"
"리나스 안타나스 린케비추스","Q345625"
"اجن زوكين","Q395156"
"이레나 샤울리에네","Q541431"
"چان سينكيڤيك","Q11718970"
"اجن بيلوتايت","Q395152"
"چان نارڤيلين","Q5120512"
"מקס סולובייצ'יק","Q9220487"
"ليب جورفينكيل","Q11753852"
"喬納斯·布拉·安塔奈蒂斯","Q11253353"
"喬納斯·瓦卡拉","Q951815"
"伊雷娜·德古蒂埃内","Q270360"
"代利斯·阿爾方薩斯·巴拉考斯卡斯","Q887795"
"維克多·烏斯帕斯基奇","Q1361333"
"יוסף שלמה כהנמן","Q2907349"
"יצחק רפאל עציון","Q6856875"
"יוסף שלמה כהנעמאן","Q2907349"
"יוסל ברגר","Q11728402"
"블라다스 미로나스","Q2033994"
"빅토리야 치밀리테","Q270330"
"롤란다스 파크사스","Q296956"
"안드류스 쿠빌류스","Q57663"
"יצחק בראלי","Q2790620"
"미콜라스 비르지슈카","Q64557"
"زيتا زڤيكين","Q12679000"
"Юрас Пожела","Q3660989"
"Ёнас Авіжус","Q4055889"
"Юрас Пожела","Q4368711"
"ريما باسكين","Q541371"
"לייב גרפונקל","Q11753852"
"라무나스 카르바우스키스","Q145315"
"اونا بابونين","Q15242985"
"사울류스 스크베르넬리스","Q1797508"
"Аста Баукуте","Q669540"
"ڤينس ڤايديڤوت مارجيڤيسين","Q339166"
"راسا ميلنيكين","Q12670950"
"اونا سونكوڤين","Q2688774"
"روتا روتكيليت","Q541383"
"روما زاكايتين","Q541403"
"יעקב רובינסון","Q6075043"
"جيما چوركونايت","Q15728246"
"ريتا تاماسونين","Q9310614"
"Раса Юкнявічене","Q271646"
"ڤيدا ستاسيونايت","Q541263"
"اونا ڤاليوكيڤيسيوت","Q11024912"
"ഐറേന ഡുഗ്യുറ്റിയീൻ","Q270360"
"லைமா ஆண்ட்ரிகியேன்","Q435717"
"巴特萊婷","Q1395873"
"Швед, Владислав Николаевич","Q1999579"
"Уока, Казимерас","Q3277243"
"弗拉达斯·米罗纳斯","Q2033994"
"弗拉達斯·米羅納斯","Q2033994"
"维多利亚·希米利特","Q270330"
"羅蘭達斯·帕克薩斯","Q296956"
"安德留斯·库比柳斯","Q57663"
"拉姆納斯·卡包斯基斯","Q145315"
"維陶塔斯·蘭茨貝吉斯","Q164582"
"维陶塔斯·兰茨贝吉斯","Q164582"
"巴爾利斯·加賈斯卡斯","Q552290"
"勞里納斯·斯坦科維丘斯","Q1376624"
"瓦爾德馬·托馬舍夫斯基","Q1502078"
"薩烏留斯·思科威爾內里","Q1797508"
"維特尼斯·安德列凱提斯","Q774300"
"Казіс Сая","Q6381130"
"지그만타스 발치티스","Q117150"
"משולם וולף","Q7217663"
"스테포나스 카이리스","Q971087"
"چوناس ليسيس","Q11728159"
"게디미나스 키르킬라스","Q118937"
"چوناس چوكاس","Q1702974"
"الجيس ريماس","Q776214"
"چوانا دانجول ساديكين","Q15402095"
"چوناس چوركوس","Q11258450"
"چوزاس باستيس","Q12658458"
"Юозас Олекас","Q1376538"
"비타우타스 란즈베르기스","Q164582"
"아우슈리네 아르모나이테","Q27808316"
"الجيس كاسيتا","Q3672199"
"알기르다스 부트케비추스","Q394006"
"Йонас Авижюс","Q4055889"
"Йонас Авіжус","Q4055889"
"چوراس پوزيلا","Q4368711"
"بيروت ڤيسايت","Q541252"
"ريماس انتاناس روسيس","Q15240798"
"سيماس راموتيس پيتريكيس","Q1645278"
"داليا كوترايت جيدرايتين","Q2673005"
"Линас Антанас Линкявичюс","Q345625"
"Лінас Антанас Лінкявічус","Q345625"
"Лінас Антанас Лінкявічюс","Q345625"
"نيچول اوزيليت ڤايتيكونين","Q459200"
"بيروت تيودورا ڤيسوكاڤيسين","Q12651032"
"ليناس انتاناس لينكيڤيسيوس","Q345625"
"چوناس راموناس","Q11728162"
"چوزاس چانونيس","Q12658543"
"رامون ڤيسوكيت","Q12670876"
"چوزاس اوليكاس","Q1376538"
"چوناس كورينكا","Q15311377"
"Йонас Кубілюс","Q1702987"
"ڤيتاس ناڤيكاس","Q2535630"
"אירנה דגוטיין","Q270360"
"چوناس سيكوليس","Q2947505"
"چوناس ڤيليسيس","Q3313138"
"아르투라스 파울라우스카스","Q356704"
"چوناس اڤيزيوس","Q4055889"
"چوزاس بولاڤاس","Q4098683"
"Юозас Кубіліс","Q4981113"
"چوناس پينسكوس","Q552482"
"چوناس سيميناس","Q5618966"
"كازيس بوبيليس","Q6814885"
"يوناس أنتانيتس","Q11253353"
"يوناس انتانيتس","Q11253353"
"Юозас Пуріцкіс","Q11267333"
"نيريس جيرماناس","Q1203798"
"چوزاس جالديكاس","Q1203809"
"چوناس چاجميناس","Q12657684"
"چوناس موكارتاس","Q12657804"
"چوزاس پاليونيس","Q12658635"
"چورات چوزايتين","Q12659005"
"اوسرا مالديكين","Q16444907"
"جوناس كوبيليوس","Q1702987"
"چوناس لياوسيوس","Q1702994"
"Ірена Дягутене","Q270360"
"دوماس پيتروليس","Q3182186"
"Йонас Вілейшіс","Q3313138"
"יונאס וילאישיס","Q3313138"
"ايداس جيدڤيلاس","Q403927"
"Յոնաս Ավիժյուս","Q4055889"
"لايما اندريكين","Q435717"
"چوناس پانجونيس","Q4360925"
"چوزاس كوبيليوس","Q4981113"
"الينا پيتروسين","Q5120501"
"Вітас Ґедвілас","Q556431"
"دانوت بيكينتين","Q9201781"
"Иосиф Иосифович Кубилис","Q4981113"
"چوناس ليونجيناس","Q1156213"
"چوزاس نيكروسيوس","Q1193050"
"روماس ڤينكلوڤاس","Q15304060"
"چورات ماتيكونين","Q1717991"
"چوناس كوندروتاس","Q336647"
"ڤيداس باراڤيكاس","Q3610367"
"روكاس زيلينسكاس","Q552497"
"چوزاس ايمبراساس","Q927471"
"Вілія Алекнайте-Абрамікєне","Q3672697"
"دانوت اليكسيونين","Q12652308"
"چوزاس بيرناتونيس","Q1305783"
"Аушра Малдейкєне","Q16444907"
"ريتاس كوپسينسكاس","Q1722310"
"چوناس چوزاپايتيس","Q651616"
"ريتيس ساتكاوسكاس","Q82353"
"چوزاس ليستاڤيسيوس","Q12658598"
"ڤيلما مارتينكايتين","Q15278728"
"چوزاس چاروسيڤيسيوس","Q1713725"
"Ніёле Амбразайціце","Q4064040"
"كازيس ستاركيڤيسيوس","Q940498"
"安德里吉娜","Q435717"
"Вольф, Шулим","Q7217663"
"Кумжа, Альгидрас","Q4724251"
"Юодка, Бенедиктас","Q2129494"
"列米吉尤斯·希馬修斯","Q1397662"
"列米吉尤斯·希马修斯","Q1397662"
"利恩吉納斯·塞佩蒂斯","Q1827290"
"阿尔贝塔斯·希梅纳斯","Q2060714"
"阿爾貝塔斯·希梅納斯","Q2060714"
"弗吉里尤斯·阿列克納","Q211408"
"弗吉里尤斯·阿列克纳","Q211408"
"吉格曼塔斯·巴尔齐季斯","Q117150"
"格迪米纳斯·基尔基拉斯","Q118937"
"格比亞魯斯·蘭斯伯格斯","Q17118365"
"阿尔图拉斯·保劳斯卡斯","Q356704"
"阿爾圖拉斯·保勞斯卡斯","Q356704"
"瓦连京纳斯·马祖罗尼斯","Q557932"
"瓦連京納斯·馬祖羅尼斯","Q557932"
"格季米纳斯·瓦格诺柳斯","Q982980"
"維克托拉斯·普蘭茨凱蒂斯","Q27537241"
"جابريل چان مينسيڤيك","Q11699195"
"비르길리우스 알레크나","Q211408"
"רולנדס פקסס","Q296956"
"에우게니유스 겐트빌라스","Q204847"
"چوستاس ڤينكاس پاليكيس","Q179144"
"ماريچا اوسرين پاڤيليونين","Q3672324"
"ايرينا روزوڤا","Q11714005"
"سالیوس ورنلیس","Q1797508"
"سيجيتا بوربين","Q386177"
"Часлаў Кудаба","Q3919908"
"پراناس ڤيلكاس","Q4098556"
"پيتراس انتاناس سالسيوس","Q15402086"
"پيتراس پاپوڤاس","Q1193322"
"ستاسيس ميكيليس","Q12673778"
"ڤلاداس بوتيناس","Q12677988"
"ڤلاداس ڤيليماس","Q15506522"
"چوليوس ڤيسيلكا","Q172310"
"كيستاس كومسكيس","Q1797471"
"مانتاس ڤاراسكا","Q1891225"
"ناجليس پوتيكيس","Q1963591"
"Владас Миронас","Q2033994"
"Владас Міранас","Q2033994"
"Владас Міронас","Q2033994"
"پيتراس لوماناس","Q2080467"
"اندروس سيدزيوس","Q512154"
"ايرينا سياولين","Q541431"
"Андрус Кубілюс","Q57663"
"Андрюс Кубилюс","Q57663"
"Андрюс Кубілюс","Q57663"
"اروناس ديجوتيس","Q719248"
"دانجوت ميكوتين","Q8288349"
"ڤينكاس كيستوتيس بابيليوس","Q9368783"
"ڤيليچا اليكنايت ابراميكين","Q3672697"
"دايليس الفونساس باراكاوسكاس","Q887795"
"اروناس جروماداس","Q12649294"
"ڤيليچا ڤيرتيلين","Q15279293"
"سيرجيچ پيروزكوڤ","Q15920218"
"مانتاس ادوميناس","Q3672488"
"Γιόνας Αβυζίους","Q4055889"
"Стасис Шебдарас","Q574618"
"ستاسيس سيدباراس","Q574618"
"ميتشال ماكيويكز","Q5765050"
"اندروس كوبيليوس","Q57663"
"اودرون پيترينين","Q759040"
"ايلونا ستولپينين","Q12656718"
"سوفيچا داوبارايت","Q12673446"
"ستاسيس كاساوسكاس","Q12673761"
"ויקטור אוספאסקיך","Q1361333"
"ڤيكتور وسپاسكيتش","Q1361333"
"پيتراس ساكالينيس","Q15505064"
"پوليوس ساودارجاس","Q2063954"
"رادڤيل موركونايت","Q459191"
"اندروس مازورونيس","Q512022"
"سيرجيچ دميتريچيو","Q552283"
"Саулюс Шальтянис","Q599550"
"Саулюс Шальтяніс","Q599550"
"ادڤارد توماسيڤيك","Q9251249"
"Вацлаў Станкевіч","Q9369613"
"Сергей Васильевич Дмитриев","Q552283"
"زيجماس پوڤيلايتيس","Q12678950"
"ڤالداس سكارباليوس","Q15138339"
"Աուշրա Մալդեյկենե","Q16444907"
"Саулюс Сквернялис","Q1797508"
"Саулюс Скверняліс","Q1797508"
"Саўлюс Скверняліс","Q1797508"
"Зигмас Зинкявичюс","Q47011"
"Зігмас Зінкявічус","Q47011"
"Зіґмас Зінкевічюс","Q47011"
"Виктор Будзинский","Q5503218"
"Пятрас Вайтекунас","Q589989"
"Пятрас Вайтєкунас","Q589989"
"پيتراس ڤايتيكوناس","Q589989"
"Аудрюс Буткявічюс","Q759033"
"Лорета Граужинене","Q774843"
"Лорета Граужінене","Q774843"
"ლორეტა გრაუჟინენე","Q774843"
"اندروس باراناوسكاس","Q15256679"
"Пятрас Ауштрявічюс","Q2080450"
"چوليوس ساباتاوسكاس","Q2689019"
"Пятрас Вайціекунас","Q589989"
"ايرينا اندروكايتين","Q6068766"
"Լորետա Գրաուժինենե","Q774843"
"ماكساس سولوڤيسيكاس","Q9220487"
"اوكسوت راماناوسكايت سكوكاوسكين","Q771287"
"ڤلاداس زالنيراوسكاس","Q15241725"
"پيتراس اوستريڤيسيوس","Q2080450"
"ايجناس اليسكيڤيسيوس","Q3610357"
"ڤيليچا بلينكيڤيسيوت","Q435394"
"ريمانت سالاسيڤيسيوت","Q6556452"
"ستاسيس كروزيناوسكاس","Q9344553"
"وازلاو ستانكيويتستش","Q9369613"
"ڤالداس ڤاسيلياوسكاس","Q955656"
"ليوناس چانكيليڤيسيوس","Q11754276"
"Розова, Ирина Анатольевна","Q11714005"
"Барэли, Ицхак","Q2790620"
"Авижюс, Йонас","Q4055889"
"Попель, Авраам Дов","Q12646930"
"Бергер, Йосель","Q11728402"
"Ландау, Самуил","Q16471972"
"Зуокас, Артурас","Q716068"
"Канява, Эдвардас Стасевич","Q12653789"
"Бубнис, Витаутас","Q15728230"
"亚历山德拉斯·阿比沙拉","Q2001278"
"維爾吉利尤斯·阿列克納","Q211408"
"奥德罗尼乌斯·阿祖巴利斯","Q58201"
"奧德羅尼烏斯·阿祖巴利斯","Q58201"
"阿尔吉尔达斯·布特凯维丘斯","Q394006"
"انتاناس باورا","Q12648570"
"انتاناس راكاس","Q4770952"
"اودريوس روديس","Q4820205"
"انتاناس ڤاليس","Q5120252"
"Повілас Гіліс","Q547404"
"پوڤيلاس جيليس","Q547404"
"ارتوراس زوكاس","Q716068"
"برونيوس پاوزا","Q9180013"
"ساوليوس ستوما","Q9334052"
"زينوناس پيتراس ادومايتيس","Q12678910"
"كاروليس سنيزكو","Q11736383"
"ارتوراس ڤازبيس","Q12649236"
"انتاناس باسكاس","Q15727280"
"Γιούρας Ποζέλα","Q4368711"
"سيجيتاس كاكتيس","Q4476143"
"نيرينجا ڤينكين","Q541498"
"Антанас Винкус","Q545629"
"Антанас Вінкус","Q545629"
"Артурас Зуокас","Q716068"
"ارميناس ليديكا","Q9160077"
"Витянис Повилас Андрюкайтис","Q774300"
"זיגמנטס בלקיטיס","Q117150"
"دونالدا ميزيليت","Q1240534"
"ميكولاس پرونكوس","Q12666102"
"زينوناس ميكوتيس","Q12678941"
"ڤيوليتا بوريكين","Q1422696"
"انتاناس ماتولاس","Q3467052"
"ساروناس بيروتيس","Q391280"
"Антанас Туменас","Q571054"
"ليونارد تالمونت","Q5767027"
"ساوليوس لاپيناس","Q9334050"
"چوزاپاس الجيرداس كاتكوس","Q12658363"
"اودريوس كليسونيس","Q11686954"
"Ярослав Наркевич","Q1282407"
"انتاناس نيستيكيس","Q15138159"
"سيجيتاس سلاڤيكاس","Q15504908"
"Антанас Будвитис","Q15728234"
"انتاناس بودڤيتيس","Q15728234"
"Інгрыда Шыманіце","Q437096"
"Інгріда Шимоніте","Q437096"
"ინგრიდა შიმონიტე","Q437096"
"انتاناس كاروبليس","Q4770949"
"برونيوس كوزميكاس","Q4973999"
"انتاناس ڤاليونيس","Q571063"
"زبيجنيڤ بالسيڤيك","Q5765703"
"אנדריוס קוביליוס","Q57663"
"آندریوس کوبیلیوس","Q57663"
"أندريوس كوبيليوس","Q57663"
"ساوليوس سالتينيس","Q599550"
"Миколас Биржишка","Q64557"
"Миколас Біржішка","Q64557"
"Мікалас Біржышка","Q64557"
"Միկոլաս Բիրժիշկա","Q64557"
"ميكولاس بيرزيسكا","Q64557"
"ارتوراس ميلياناس","Q716040"
"زيجمونت ماكيويكز","Q9392985"
"جرازينا ايمبراسين","Q12655843"
"Βλάντας Μπουτένας","Q12677988"
"वायटॉटस पेट्रूलिस","Q1383884"
"البيناس ڤايزموزيس","Q15506834"
"ویتوتاس لانزبرگیس","Q164582"
"ارتوراس بولاوسكاس","Q356704"
"ارڤيداس ڤيدزيوناس","Q717619"
"ڤاليريچ تريتچاكوڤ","Q9370482"
"زبيجنيو سيمينويكز","Q9388291"
"Βίλιγια Αλεκναϊτέ-Αμπραμικιενέ","Q3672697"
"روماناس الجيمانتاس سيدليكاس","Q12671638"
"انتاناس ناپوليوناس ستاسيسكيس","Q15240348"
"پوڤيلاس چاكوسيونيس","Q11027092"
"Рамунас Карбаускис","Q145315"
"Рамунас Карбаускіс","Q145315"
"راموناس كارباوسكيس","Q145315"
"Саулиус Сквернелис","Q1797508"
"Саулиус Сквернялис","Q1797508"
"چادڤيجا دوناوسكايت","Q2161806"
"ויקטורס פרנצקייטיס","Q27537241"
"Эгидиюс Бичкаускас","Q3498691"
"Артурас Паулаускас","Q356704"
"Артурас Паўлаўскас","Q356704"
"ארטוראס פאולאוסקאס","Q356704"
"آرتوراس پاولاوسکاس","Q356704"
"ارڤيداس انوساوسكاس","Q3672207"
"ساوليوس جيرداوسكاس","Q4241811"
"Йокубас Минкәвичүс","Q6269813"
"ساوليوس كوبيليوناس","Q6335330"
"پوڤيلاس اكسومايتيس","Q7235884"
"Миколас Крупавичюс","Q8145594"
"دوناتاس يانكاوسكاس","Q82512"
"برونيوس براداوسكاس","Q927567"
"ساوليوس بوسيڤيسيوس","Q9334049"
"אלגירדס בוטקיאוויצ'יוס","Q394006"
"اڤالداس چوركيڤيسيوس","Q11255733"
"الڤيداس ميدالينسكاس","Q12648169"
"چادڤيجا زينكيڤيسيوت","Q12657058"
"סאוליוס סקוורניאליס","Q1797508"
"არტურას პაულაუსკასი","Q356704"
"اودريوس بوتكيڤيسيوس","Q759033"
"Витянис Андрюкайтис","Q774300"
"Витяніс Андрюкайтіс","Q774300"
"ڤيتينيس اندروكايتيس","Q774300"
"ريسزارد ماسيچكيانيك","Q9324816"
"Риманте Шалашявячюте","Q6556452"
"ارڤيداس اكستيناڤيسيوس","Q15474333"
"ارڤيداس ايڤاسكيڤيسيوس","Q15720524"
"Казимир Венцлаускинис","Q1737505"
"Βιτένις Αντριουκαΐτις","Q774300"
"البيناس ميتروليڤيسيوس","Q9144510"
"راموناس جارباراڤيسيوس","Q9303942"
"Պյատրաս Աուշտրյավիչյուս","Q2080450"
"Пинскус, Йонас Йонович","Q552482"
"Кубилюс, Йонас","Q1702987"
"Булавас, Юозас","Q4098683"
"Брундза, Стасис Казевич","Q3498754"
"Йовайша, Сергей Пранович","Q2453848"
"Ожелите, Нийоле","Q459200"
"Эпштейн, Лазарь","Q9394126"
"Туменас, Антанас","Q571054"
"Берёзов, Владимир Антонович","Q7938763"
"Шимашюс, Ремигиюс","Q1397662"
"Чмилите, Виктория","Q270330"
"Валатка, Римвидас","Q5766480"
"ויקטוריה צ'מיליטה","Q270330"
"ڤاكلوڤاس لاپ","Q2507097"
"رولانداس زوزا","Q12671617"
"ريمانتاس روزاس","Q12671343"
"ريمانتاس باسيس","Q15253407"
"الجيرداس سيساس","Q2543218"
"الجيرداس كومزا","Q4724251"
"الفونساس زاليس","Q556195"
"ريمانتاس داجيس","Q562964"
"ڤيتاوتاس سيپاس","Q594489"
"ڤيتاوتاس پيتراس كناسيس","Q1282126"
"البيرتاس سيريكا","Q12647379"
"روموالدا كسانين","Q12671683"
"ڤيتاوتاس ساوليس","Q12678481"
"ڤيتاوتاس جاپسيس","Q1310448"
"الجيرداس پوسيوس","Q15574998"
"Вітаутас Бубніс","Q15728230"
"ڤيتاوتاس بوبنيس","Q15728230"
"Раландас Паксас","Q296956"
"Раляндас Паксас","Q296956"
"Роландас Паксас","Q296956"
"رولانداس باكساس","Q296956"
"رولانداس پاکساس","Q296956"
"ادمونداس چونيلا","Q3460966"
"Чесловас Кудаба","Q3919908"
"ريمانتاس ريميكا","Q4231816"
"ڤيتاوتاس چوسكوس","Q9369192"
"المانتاس پيتكوس","Q954352"
"Степонас Кайрис","Q971087"
"Стяпонас Кайрис","Q971087"
"Сцяпонас Кайрыс","Q971087"
"Վիկտորյա Չմիլիտե Նիլսեն","Q270330"
"كيستوتيس پوڤيلاس پاوكستيس","Q15727461"
"ڤيتاوتاس سيجيتاس دراوجيليس","Q15279511"
"ريمانتاس سميتونا","Q11834904"
"ڤيتاوتاس اينوريس","Q1193300"
"ڤيتاوتاس دوديناس","Q1193309"
"الفونساس بارتكوس","Q12647633"
"الفونساس ناڤيكاس","Q12647670"
"ادڤارداس كانياڤا","Q12653789"
"ادمونداس پوپينيس","Q1287098"
"ادڤارداس زاكاريس","Q1291415"
"Рамігіюс Шымашус","Q1397662"
"Реміґіюс Шимашюс","Q1397662"
"Рэмігіюс Шымашус","Q1397662"
"الجيرداس جريسيوس","Q15241658"
"جينتاراس سيليكيس","Q1525176"
"الجيرداس پاليكيس","Q199294"
"יווגינוס גנבילאס","Q204847"
"البيرتاس سيميناس","Q2060714"
"سيرجيچوس چوڤايسا","Q2453848"
"ڤيتاوتاس بوجوسيس","Q2655658"
"كيستوتيس چاكيليس","Q2688962"
"Βικτόρια Σμίλιτε","Q270330"
"Вікторія Чміліте","Q270330"
"როლანდას პაქსასი","Q296956"
"עמנואליס זינגריס","Q3672343"
"زيلڤيناس پادايجا","Q394068"
"اینگریدا سیمونیت","Q437096"
"اجيديچوس كلومبيس","Q556218"
"ريمڤيداس ڤالاتكا","Q5766480"
"كيستوتيس ديرجيلا","Q6454605"
"چوستيناس كاروساس","Q823045"
"ڤيتاوتاس لاپيناس","Q9095148"
"اجيديچوس ڤاريكيس","Q909575"
"كيستوتيس داوكسيس","Q922691"
"الفريداس هينريكاس ستاسيوليڤيسيوس","Q15402091"
"גדימינאס קירקילאס","Q118937"
"گدیمیناس کیرکیلاس","Q118937"
"الفونساس ماكايتيس","Q12647657"
"الجيرداس كونسيناس","Q12647887"
"Витаутас Пятрулис","Q1383884"
"Вітаутас Пятруліс","Q1383884"
"ڤيتاوتاس پيتروليس","Q1383884"
"يرونيماس كراويليس","Q1450618"
"ڤيتاوتاس ليوتيكاس","Q15728334"
"فيكتوريا تشميليتي","Q270330"
"ڤيتاوتاس جالڤوناس","Q3562406"
"اليجيچوس ماسيوليس","Q371858"
"زيلڤيناس سيلجاليس","Q394070"
"كيستوتيس جلاڤيكاس","Q556443"
"Анатанас Валіоніс","Q571063"
"Аудронюс Ажубалис","Q58201"
"Аудронюс Ажубаліс","Q58201"
"Аўдронюс Ажубаліс","Q58201"
"جينتاراس سونجايلا","Q9268228"
"ريمانتاس ديدزيوكاس","Q1156203"
"كيستوتيس كريسيوناس","Q1257136"
"الفونساس جيدرايتيس","Q12647643"
"ڤيتاوتاس كاناپيكاس","Q12678385"
"ڤيتاوتاس سوماكاريس","Q15728473"
"هينريكاس زوكاوسكاس","Q1606341"
"كيستوتيس سيلينسكاس","Q1797487"
"Еугяніюс Ґянтвілас","Q204847"
"الجيرداس رازاوسكاس","Q4724253"
"اوريليچا ستانسيكين","Q541349"
"Андријус Кубилијус","Q57663"
"رولانداس پولاوسكاس","Q7360522"
"جينتاراس ديدزيوكاس","Q951919"
"ڤيتاوتاس الجيمانتاس بوينيڤيسيوس","Q15728046"
"الفريداس پيكيليوناس","Q1225732"
"رولانداس پاڤيليونيس","Q1235376"
"الجيرداس سادكاوسكاس","Q12647928"
"ڤاكلوڤاس كارباوسكيس","Q12676011"
"Витаутас Юозапайтис","Q1361304"
"Вітаутас Юозапайтіс","Q1361304"
"ڤيتاوتاس چوزاپايتيس","Q1361304"
"ڤالديمار توماسيڤسكى","Q1502078"
"ادوارداس سابلينسكاس","Q15138158"
"ڤيتاوتاس استراوسكاس","Q15920347"
"ڤايدوتاس باسيڤيسيوس","Q1595098"
"كيستوتيس سكاماراكاس","Q2655532"
"Викторас Пранцкетис","Q27537241"
"Вікторас Пранцкетіс","Q27537241"
"Վիկտորաս Պրանցկետիս","Q27537241"
"ڤيتاوتاس سوستاوسكاس","Q348273"
"آلگیرداس بوتکویسیوس","Q394006"
"اجيديچوس سكارباليوس","Q5732307"
"Римантас Синкявичус","Q59723"
"Вітаўтас Пяткявічус","Q692182"
"ريمڤيداس تورسينسكاس","Q980933"
"ڤيتاوتاس اليكساندراس سيناوسكاس","Q12678261"
"الجيرداس ايڤاناوسكاس","Q12647871"
"Лаурінас Станкявічюс","Q1376624"
"Вітаўтас Грубляўскас","Q1395215"
"Вітаутас Ландсберґіс","Q164582"
"Вітаўтас Ландсбергіс","Q164582"
"Вітаўтас Ландсбэргіс","Q164582"
"ڤيتاوتاس لاندسبيرجيس","Q164582"
"ڤيتاوتاس كڤيتكاوسكاس","Q2535649"
"ڤيتاوتاس پاكالنيسكيس","Q2535687"
"Викторас Пранцкиетис","Q27537241"
"Леокадія Почиковська","Q4163611"
"Άντριους Κουμπίλιους","Q57663"
"ريمانتاس سينكيڤيسيوس","Q59723"
"ڤيتاوتاس پيتكيڤيسيوس","Q692182"
"الجيرداس مونكيڤيسيوس","Q922619"
"لاوريناس ستانكيڤيسيوس","Q1376624"
"ڤيتاوتاس جروبلياوسكاس","Q1395215"
"ვიტაუტას ლანდსბერგისი","Q164582"
"Алгирдас Буткевичијус","Q394006"
"الجيرداس ڤروبلياوسكاس","Q4360934"
"ڤيتاوتاس كامبليڤيسيوس","Q9369194"
"كيستوتيس كوبيرتاڤيسيوس","Q15728323"
"الجيرداس پيتروسيڤيسيوس","Q4724250"
"الفونساس اندروسكيڤيسيوس","Q14772771"
"イリナ・ロゾヴァ","Q11714005"
"Робинсон, Яков","Q6075043"
"Палецкис, Юстас Винцас","Q179144"
"Дегутене, Ирена","Q270360"
"Вилейшис, Йонас","Q3313138"
"Гедвилас, Видас","Q556431"
"Имбрасас, Юозас","Q927471"
"Гражулис, Петрас","Q1762792"
"Путейкис, Наглис","Q1963591"
"Медведев, Николай Николаевич","Q1682938"
"Наркевич, Ярослав","Q1282407"
"Шимоните, Ингрида","Q437096"
"Палецкис, Альгирдас Юстасович","Q199294"
"Зингерис, Эмануэлис","Q3672343"
"Чяпайтис, Виргилиюс","Q4518521"
"كازيميراس وكا","Q3277243"
"كازيميراس ساچا","Q6381130"
"ريميجيچوس اكاس","Q8266439"
"ڤياسيسلاڤ سكيل","Q9372381"
"ڤلاديسلاڤ سويكو","Q1999579"
"וירגיליוס אלקנה","Q211408"
"فيرجليجوس ألكنا","Q211408"
"فيرجليجوس الكنا","Q211408"
"ویرجیلیوس آلکنا","Q211408"
"Альгірдас Кумжа","Q4724251"
"Валентина Субоч","Q9370401"
"روموالداس ايجناس بلوسكيس","Q12671690"
"مينداوجاس باستيس","Q11781375"
"زيجمانتاس پوسيوس","Q12678923"
"مينداوجاس بريديس","Q15486224"
"Виргилиюс Алекна","Q211408"
"Виргилиюс Алякна","Q211408"
"Віргіліюс Алекна","Q211408"
"رايمونداس اليكنا","Q766701"
"Сьцяпонас Кайрыс","Q971087"
"Вірґіліус Буловас","Q1112331"
"ڤاليريچوس سيموليك","Q1427363"
"ليونجيناس سيپيتيس","Q1827290"
"ڤيدمانتاس زيميليس","Q1893972"
"Альбертас Шименас","Q2060714"
"Альбяртас Шімєнас","Q2060714"
"ڤاسيليچوس پوپوڤاس","Q2511116"
"روموالداس أوزولاس","Q281340"
"روموالداس اوزولاس","Q281340"
"Кейстутис Мажейка","Q28371741"
"Жильвінас Падайґа","Q394068"
"ليودڤيكاس سابوتيس","Q546274"
"ليونارداس كيستوتيس چاسكيليڤيسيوس","Q12662867"
"زيجمانتاس بالسيتيس","Q117150"
"زیگمانتاس بالچیتیس","Q117150"
"مانفريداس زيمانتاس","Q11767043"
"Гедиминас Киркилас","Q118937"
"Гедымінас Кіркілас","Q118937"
"Ґедімінас Кіркілас","Q118937"
"جيديميناس كيركيلاس","Q118937"
"غيديميناس كيركيلاس","Q118937"
"كليمينساس ريمسيليس","Q12660873"
"مينداوجاس سوباسيوس","Q12665594"
"جيديميناس پاڤيرزيس","Q1379430"
"رايمونداس پاليوكاس","Q15138320"
"ڤيسڤالداس نيكراساس","Q15241325"
"Альгірдас Гайжуціс","Q1844867"
"Емануеліс Зінгеріс","Q3672343"
"Вергіліус Чепайтіс","Q4518521"
"اودرونيوس ازوباليس","Q58201"
"ستانيسلاڤ اكانوڤيك","Q9341513"
"رايمونداس پالايتيس","Q937621"
"Гедиминас Вагнорюс","Q982980"
"Ґедімінас Вагнорюс","Q982980"
"Зигмантас Бальчитис","Q117150"
"Зігмантас Бальчітіс","Q117150"
"جينتاوتاس بوزينسكاس","Q1525184"
"اوجينيچوس جينتڤيلاس","Q204847"
"ڤيرمانتاس ڤيليكونيس","Q2527860"
"Սաուլյուս Շալտյանիս","Q599550"
"جيديميناس چاكاڤونيس","Q8266325"
"Уладзімер Пруднікаў","Q981199"
"جيديميناس ڤاجنوريوس","Q982980"
"ڤيرجينيچا بالترايتين","Q1395873"
"Вальдэмар Тамашэўскі","Q1502078"
"جينتاوتاس ميكولايتيس","Q15137892"
"نيكولاچوس ميدڤيديڤاس","Q1682938"
"Σαούλιους Σκβερνέλις","Q1797508"
"Віргініус Сінкевичюс","Q27653570"
"Альгирдас Буткявичюс","Q394006"
"Альгірдас Буткявічус","Q394006"
"Альгірдас Буткявічюс","Q394006"
"ڤاسيليچوس فيودوروڤاس","Q9371403"
"جينتاوتاس بابراڤيسيوس","Q1525182"
"جابريليوس لاندسبيرجيس","Q17118365"
"ريميجيچوس زيمايتايتيس","Q59725"
"ڤينسينتاس پرانيڤيسيوس","Q924438"
"ماريچوناس ڤيساكاڤيسيوس","Q12664547"
"Вальдемар Томашевський","Q1502078"
"كازيميراس انتاناڤيسيوس","Q3486532"
"Ριμβίντας Τουρτσίνσκας","Q980933"
"جيديميناس دالينكيڤيسيوس","Q15241404"
"مينداوجاس ستاكڤيليڤيسيوس","Q926449"
"ユオザス・オレカス","Q1376538"
"ダレ・クオディーテ","Q676437"
"ヨナス・ヴァルカラ","Q951815"
"Абрамович, Дов Бер Менаше","Q9210397"
"Каханеман, Йосеф Шломо","Q2907349"
"Гольцберг, Исаак Рафаель","Q6856875"
"Жилинскас, Рокас","Q552497"
"Дмитриева, Лариса (политик)","Q12662500"
"Успасских, Виктор Викторович","Q1361333"
"Павилёнис, Роландас","Q1235376"
"Гентвилас, Эугениюс","Q204847"
"Миндаугас-Лауринас Станкявичюс","Q1376624"
"بينيديكتاس چودكا","Q2129494"
"الجيمانتاس ڤينكاس ولبا","Q4231956"
"Успасських Віктор Вікторович","Q1361333"
"ميسيسلوڤاس ترينيس","Q12665222"
"Виргилијус Алекна","Q211408"
"Рамуальдас Озалас","Q281340"
"Ромуальдас Озолас","Q281340"
"Ռոմուալդաս Օզոլաս","Q281340"
"ڤالديماراس كاتكوس","Q7909384"
"Ստյուպոնաս Կայրիս","Q971087"
"الجيمانتاس پوڤيلاس تاوراس","Q15728464"
"الجيمانتاس انتاناس جريماس","Q2646524"
"ڤلاديميراس ڤولسيوك","Q1246401"
"كونستانتاس راميليس","Q1782645"
"ڤالينتيناس ستونديس","Q3467069"
"Плячкайтіс Вітаутас Пятрас","Q5242889"
"Гядзімінас Кіркілас","Q118937"
"الجيمانتاس دومبراڤا","Q1261946"
"ريجيمانتاس سيوپايلا","Q2137805"
"ڤيرجيليچوس سيپايتيس","Q4518521"
"Ρεμίγκιους Σιμάσιους","Q1397662"
"Валентинас Мазуроніс","Q557932"
"ڤالينتيناس مازورونيس","Q557932"
"ڤيرجيليچوس كاسينسكاس","Q7933847"
"ڤالديماراس ڤالكيوناس","Q9368111"
"ڤالينتيناس بوكاوسكاس","Q9368131"
"الجيمانتاس ڤالينتيناس ايندريوناس","Q12647817"
"ڤلاديميراس اوريتشوڤاس","Q12678073"
"ڤلاديميراس بيريوزوڤاس","Q7938763"
"ڤيرجينيچوس سميجيلسكاس","Q9368889"
"ڤيرجيليچوس ڤلاديسلوڤاس بولوڤاس","Q1112331"
"ڤلاديميراس پرودنيكوڤاس","Q981199"
"ميسيسلوڤاس زاسيورينسكاس","Q12665225"
"ڤيرجينيچوس مارتيساوسكاس","Q12677804"
"الجيمانتاس ماتوليڤيسيوس","Q774815"
"Άλγκιρντας Μπουτκεβίτσιους","Q394006"
"イレナ・デグティエネ","Q270360"
"ロランダス・パクサス","Q296956"
"カジミエラス・ウオカ","Q3277243"
"Гарфункель, Лейб","Q11753852"
"Юкнявичене, Раса","Q271646"
"Соловейчик, Макс","Q9220487"
"Малдейкене, Аушра","Q16444907"
"Рахмилевич, Нахман","Q11788637"
"Зинкявичюс, Зигмас","Q47011"
"Буткявичюс, Аудрюс","Q759033"
"Паулаускас, Артурас","Q356704"
"Петкявичюс, Витаутас Казевич","Q692182"
"Юозапайтис, Витаутас","Q1361304"
"Лозурайтис, Альбинас","Q15728348"
"Паулаускас, Роландас","Q7360522"
"Сваринскас, Альфонсас","Q4409955"
"Александрас Абишала","Q2001278"
"Александрас Абішала","Q2001278"
"اليكساندراس ابيسالا","Q2001278"
"Γκεντίμινας Κιρκίλας","Q118937"
"برونيسلوڤاس چاجميناس","Q12651403"
"اليكساندراس زيلتينيس","Q15782189"
"برونيسلوڤاس جينزيليس","Q4973920"
"اليكساندريه پوپلاڤسكى","Q9145900"
"ستانيسلوڤاس جيدرايتيس","Q9341490"
"ستانيسلوڤاس بوسكيڤيسيوس","Q2331254"
"レミギユス・シマシュス","Q1397662"
"ペトラス・グラジュリス","Q1762792"
"アルベルタス・シメナス","Q2060714"
"ラサ・ユクネヴィチエネ","Q271646"
"エリギユス・マシウリス","Q371858"
"イングリダ・シモニーテ","Q437096"
"アルーナス・ゲルーナス","Q471699"
"ロレタ・グラウジニエネ","Q774843"
"マクス・ソロヴェイチク","Q9220487"
"ステポナス・カイリース","Q971087"
"Ауштрявичюс, Пятрас","Q2080450"
"Ландсбергис, Витаутас","Q164582"
"Почиковская, Леокадия","Q4163611"
"Томашевский, Вальдемар","Q1502078"
"Амбразайтіте Нієле Вінцівна","Q4064040"
"ゲディミナス・キルキラス","Q118937"
"ヴィクトル・ウスパスキフ","Q1361333"
"ウィルギリウス・アレクナ","Q211408"
"エマヌエリス・ジンゲリス","Q3672343"
"アンドリュス・マズロニス","Q512022"
"ヴィーダス・ゲドヴィラス","Q556431"
"アンドリュス・クビリュス","Q57663"
"Финкельштейн, Озер","Q11801345"
"Амбразайтите, Ниёле","Q4064040"
"ヴィドマンタス・ジエメリス","Q1893972"
"アウシュリネ・アルモナイテ","Q27808316"
"ラドヴィレ・モルクーナイテ","Q459191"
"リュドヴィカス・シムティス","Q6654035"
"ジグマンタス・バルチーティス","Q117150"
"ヴァルデマル・トマシェフスキ","Q1502078"
"サウリュス・スクヴェルネリス","Q1797508"
"リョンギナス・シェペティース","Q1827290"
"ビクトラス・プランキエティス","Q27537241"
"ヴァレンティナス・マズロニス","Q557932"
"アウドロニウス・アジュバリス","Q58201"
"ケスタティス・スミルノヴァス","Q6454618"
"サウリュス・ブツェヴィチュス","Q9334049"
"ゲディミナス・ヴァグノリウス","Q982980"
"ヴィタウタス・ユアザパイティス","Q1361304"
"ギンタラス・ステポナヴィチュス","Q1525171"
"ヴィータウタス・ランズベルギス","Q164582"
"ガブリエリュス・ランズベルギス","Q17118365"
"ミンダウガス・シンケビチュウス","Q27653570"
"アルトゥーラス・パウラウスカス","Q356704"
"ヴラディミラス・ベリョゾヴァス","Q7938763"
"ケーストゥティス・ダウクシース","Q922691"
"アルギルダス・ブトケヴィチュース","Q394006"
"アルギマンタス・マトゥレヴィチュス","Q774815"
"リナス・アンタナス・リンケヴィチウス","Q345625"
